day_number,Ob,Yenisey,Lena,Kolyma,Yukon,Mackenzie
1,,,,,,
2,,,,,,
3,,,,,,
4,,,,,,
5,,,,,,
6,,,,,,
7,,,,,,
8,,,,,,
9,,,,,,
10,,,,,,
11,,,,,,
12,,,,,,
13,,,,,,
14,,,,,,
15,,,,,,
16,,,,,,
17,,,,,,
18,,,,,,
19,,,,,2.807,
20,,,,,2.93525,
21,,,,,3.203375,
22,,,,,3.104583333,
23,,,,,3.126923077,
24,,,,,3.111866667,
25,,,,,3.096411765,
26,,,,,3.0525,
27,,,,,3.126,
28,,,,,3.108,
29,,,,,3.068863636,
30,,,,,3.059,
31,,,,,3.052833333,
32,,,,,3.03675,
33,,,,,3.09428,
34,,,,,3.07064,
35,,,,,3.0576,
36,,,,,3.07868,
37,7.623,,,,3.07912,
38,8.071,,,,3.076,4.205
39,7.921666667,3.42,,,3.0692,4.250916667
40,7.90325,3.044,,,3.11588,4.182933333
41,7.70375,3.029333333,,,3.062708333,4.191684211
42,7.79925,3.079,,,3.0785,4.16455
43,7.7946,2.90575,,2.8345,3.087541667,4.149409091
44,7.744857143,3.283285714,,3.017,3.082916667,4.137227273
45,7.752333333,3.256727273,,3.194,3.0825,4.181869565
46,7.746555556,3.433153846,,3.136375,3.104304348,4.145130435
47,7.739333333,3.531533333,,3.355666667,3.091130435,4.1375
48,7.765555556,3.563055556,6.518,3.2099,3.125826087,4.135541667
49,7.7571,3.459111111,6.378333333,3.1785,3.076458333,4.137291667
50,7.7597,3.386388889,6.2882,3.316538462,3.048833333,4.1275
51,7.763,3.372277778,6.306285714,3.396375,3.072541667,4.10752
52,7.743916667,3.2404,6.302857143,3.442055556,3.0655,4.0812
53,7.755454545,3.217,6.291444444,3.469095238,3.031041667,4.07768
54,7.7412,3.186,6.2798,3.405952381,3.03216,4.07156
55,7.7425,3.24565,6.344692308,3.446571429,3.004461538,4.052730769
56,7.7476,3.18865,6.319157895,3.386,3.051423077,4.050269231
57,7.686636364,3.228409091,6.453142857,3.379636364,3.056115385,4.051692308
58,7.666818182,3.239583333,6.328952381,3.361045455,3.055769231,4.050115385
59,7.584363636,3.272952381,6.273761905,3.232590909,3.042384615,4.033384615
60,7.715,3.384,6.397666667,3.0735,3.114285714,4.018428571
61,7.614888889,3.235772727,6.238380952,3.253954545,3.033576923,4.035423077
62,7.62325,3.265090909,6.229318182,3.227,3.0305,4.038192308
63,7.583846154,3.231434783,6.137954545,3.181958333,3.013692308,4.025038462
64,7.519454545,3.164043478,6.117434783,3.2274,2.97768,4.018961538
65,7.557416667,3.156681818,6.15152,3.233458333,2.982,4.012807692
66,7.506461538,3.125608696,6.182916667,3.241458333,2.99352,4.006269231
67,7.503230769,3.10726087,6.231,3.200333333,2.966076923,4.002923077
68,7.463692308,3.069565217,6.16216,3.213333333,2.9675,3.988653846
69,7.505642857,3.059625,6.16132,3.261434783,2.971884615,3.978730769
70,7.471571429,3.0744,6.17092,3.174434783,2.946576923,3.986538462
71,7.455928571,3.05868,6.22096,3.160130435,2.954346154,3.985461538
72,7.419428571,3.05412,6.14628,3.144130435,2.95348,3.987730769
73,7.3903125,3.0208,6.129653846,3.065391304,2.95544,3.990153846
74,7.38975,3.00276,6.09904,3.064173913,2.95656,3.987730769
75,7.4183125,2.99432,6.082,3.169652174,2.94356,3.985769231
76,7.4176,2.985115385,6.03928,3.127782609,2.93396,3.988115385
77,7.390266667,2.977846154,6.044375,3.176521739,2.917846154,3.993076923
78,7.381333333,2.957307692,6.031695652,3.172590909,2.905153846,3.996807692
79,7.310733333,2.933807692,6.036454545,3.1395,2.901769231,4.004846154
80,7.368411765,2.927423077,6.040416667,3.085545455,2.909769231,4.000923077
81,7.296411765,2.901538462,5.997083333,3.107318182,2.928692308,4.005076923
82,7.340625,2.881692308,5.977958333,3.015826087,2.925423077,4.000115385
83,7.3525,2.891653846,5.99896,3.05426087,2.952423077,4.002807692
84,7.307823529,2.880346154,5.97044,3.111521739,2.948576923,3.9935
85,7.278941176,2.870923077,5.934269231,3.139956522,2.946576923,3.988307692
86,7.301263158,2.840692308,5.910192308,3.140173913,2.946692308,3.999615385
87,7.283421053,2.834076923,5.89472,3.127782609,2.941846154,3.9935
88,7.353315789,2.8365,5.81464,3.128636364,2.921923077,3.995653846
89,7.365277778,2.870038462,5.789153846,3.153608696,2.921,3.998038462
90,7.3592,2.83212,5.814615385,3.1275,2.924615385,3.984730769
91,7.3763,2.79792,5.821192308,3.169958333,2.917769231,3.990115385
92,7.395318182,2.79848,5.804846154,3.1885,2.915538462,3.988
93,7.4165,2.79848,5.787884615,3.20448,2.939307692,3.988230769
94,7.392958333,2.782333333,5.772384615,3.092958333,2.955384615,4.004615385
95,7.386041667,2.770791667,5.746961538,3.080583333,2.978269231,3.991230769
96,7.344,2.85924,5.721,3.050708333,2.961615385,3.992730769
97,7.389423077,2.839423077,5.696653846,3.030041667,2.926884615,3.996307692
98,7.372423077,2.821923077,5.681653846,3.0425,2.916461538,4.005230769
99,7.347038462,2.812923077,5.671961538,3.02016,2.911346154,4.016538462
100,7.349730769,2.799615385,5.641153846,2.99656,2.878615385,4.023230769
101,7.346076923,2.795076923,5.63156,3.050230769,2.883153846,4.032
102,7.398769231,2.788192308,5.649615385,3.0515,2.871884615,4.041153846
103,7.397769231,2.784692308,5.6305,3.058653846,2.877653846,4.0525
104,7.382615385,2.786730769,5.624576923,3.071576923,2.906423077,4.061038462
105,7.383,2.794,5.611307692,3.0855,2.962461538,4.084076923
106,7.40224,2.795846154,5.6035,3.084730769,3.137115385,4.090076923
107,7.4366,2.855615385,5.587807692,3.082,3.209615385,4.101769231
108,7.487913043,2.871269231,5.606423077,3.088692308,3.32684,4.127192308
109,7.490625,2.882,5.603307692,3.076615385,3.364192308,4.136
110,7.506083333,2.918615385,5.604115385,3.074615385,3.477038462,4.135730769
111,7.48504,2.910538462,5.589461538,3.048076923,3.516923077,4.148807692
112,7.52388,2.896230769,5.569653846,3.049692308,3.538576923,4.155884615
113,7.523,2.855576923,5.565076923,3.053,3.619307692,4.177461538
114,7.56856,2.862538462,5.555153846,3.065769231,3.787730769,4.186961538
115,7.5446,2.862461538,5.556230769,3.088653846,3.898769231,4.203346154
116,7.56828,2.874961538,5.543961538,3.091230769,4.045307692,4.216730769
117,7.5634,2.873153846,5.548730769,3.088384615,4.092423077,4.223192308
118,7.57064,2.908307692,5.558538462,3.090076923,4.2906,4.232961538
119,7.636,2.892884615,5.566153846,3.093461538,4.359,4.2475
120,7.64236,2.901307692,5.561230769,3.099346154,4.507,4.249769231
121,7.640153846,2.916153846,5.568153846,3.086807692,4.626833333,4.277115385
122,7.687346154,2.914923077,5.574230769,3.095269231,4.6588,4.295346154
123,7.714538462,2.938730769,5.582192308,3.089230769,4.81092,4.301576923
124,7.74104,2.928615385,5.598423077,3.097346154,5.00064,4.322884615
125,7.75316,2.963615385,5.615538462,3.111576923,5.27168,4.340692308
126,7.753423077,2.966307692,5.626115385,3.125076923,5.42076,4.363846154
127,7.779615385,2.974307692,5.6525,3.139884615,5.638625,4.365807692
128,7.836307692,2.999807692,5.679576923,3.151538462,5.784625,4.385884615
129,7.868307692,3.070923077,5.708076923,3.158730769,5.913125,4.410769231
130,7.888076923,3.151230769,5.730923077,3.176884615,5.988916667,4.421076923
131,7.901538462,3.238,5.763307692,3.186076923,6.26875,4.457730769
132,7.953038462,3.290230769,5.816884615,3.192346154,6.420791667,4.474230769
133,8.010692308,3.386423077,5.851769231,3.217846154,6.72972,4.510961538
134,8.091269231,3.491923077,5.901692308,3.240807692,6.95692,4.536846154
135,8.163576923,3.528153846,5.940384615,3.330076923,7.309384615,4.579346154
136,8.224576923,3.625730769,5.9795,3.397769231,7.502153846,4.621307692
137,8.353230769,3.72656,6.023576923,3.470115385,8.161730769,4.654269231
138,8.452807692,3.86144,6.052461538,3.628384615,8.565846154,4.689230769
139,8.695269231,3.97172,6.073076923,3.833384615,8.643115385,4.720653846
140,8.908153846,4.05212,6.114192308,3.950576923,8.702153846,4.768192308
141,9.125769231,4.373153846,6.190961538,4.075269231,8.981230769,4.837576923
142,9.239038462,4.496653846,6.280076923,4.249384615,8.948153846,4.884576923
143,9.4645,4.579153846,6.364115385,4.415884615,8.946653846,4.953461538
144,9.4915,4.728269231,6.441153846,4.521576923,8.8545,5.001846154
145,9.520384615,5.076692308,6.565846154,4.692384615,8.931923077,5.070961538
146,9.676423077,5.2695,6.898461538,4.706,8.88124,5.115653846
147,9.694307692,5.473923077,7.180961538,4.778346154,8.8418,5.116615385
148,9.767576923,5.702730769,7.525769231,4.876038462,8.859583333,5.121346154
149,9.873576923,6.080423077,7.926230769,4.899,8.75704,5.144153846
150,9.949615385,6.5525,8.362346154,4.987384615,8.7154,5.141230769
151,10.14176,6.813807692,8.590423077,5.004846154,8.69648,5.1315
152,10.19469231,7.087076923,8.895346154,5.091769231,8.66532,5.127615385
153,10.27965385,7.314269231,9.241076923,5.091730769,8.59112,5.138692308
154,10.32323077,7.673269231,9.807038462,5.204269231,8.548846154,5.133153846
155,10.34326923,7.895423077,10.18665385,5.204230769,8.518423077,5.165153846
156,10.38396154,7.8885,10.33069231,5.204538462,8.473769231,5.170846154
157,10.4595,8.082153846,10.50680769,5.177730769,8.336961538,5.152307692
158,10.46938462,8.093230769,10.61346154,5.161884615,8.265846154,5.139307692
159,10.44896154,8.042730769,10.77946154,5.163115385,8.253307692,5.113692308
160,10.44488462,7.963653846,10.79623077,5.127884615,8.204846154,5.102769231
161,10.49723077,7.885115385,10.88253846,5.095807692,8.187846154,5.082153846
162,10.49673077,7.873346154,10.92196154,5.0965,8.107115385,5.061692308
163,10.57411538,7.831346154,10.98430769,5.101192308,8.034538462,5.034307692
164,10.65265385,7.785923077,11.03761538,5.074230769,8.043307692,5.004153846
165,10.73838462,7.676769231,11.04146154,5.086653846,7.977846154,4.984653846
166,10.88580769,7.606,10.94703846,5.079115385,7.858346154,4.965538462
167,10.94915385,7.539115385,10.96853846,5.029269231,7.777307692,4.934346154
168,10.95269231,7.450076923,11.06111538,4.9635,7.801,4.919576923
169,11.00365385,7.420192308,11.04346154,4.951615385,7.79136,4.900884615
170,11.07611538,7.316153846,10.92965385,4.935576923,7.72644,4.883153846
171,11.10565385,7.209230769,10.87373077,4.907769231,7.62868,4.860153846
172,11.16176,7.161884615,10.93019231,4.90532,7.58212,4.852538462
173,11.15024,7.095346154,10.87646154,4.87552,7.45344,4.831076923
174,11.14636,7.031884615,10.72515385,4.8532,7.26728,4.79428
175,11.1858,6.99672,10.52972,4.83324,7.213833333,4.78104
176,11.22632,6.93404,10.48956,4.8064,7.188458333,4.78108
177,11.20746154,6.88012,10.38465385,4.781730769,7.01308,4.777192308
178,11.19534615,6.79836,10.33096154,4.782769231,6.951,4.767576923
179,11.2125,6.78272,10.27892308,4.769807692,6.850576923,4.770346154
180,11.20557692,6.673307692,10.22169231,4.751884615,6.77708,4.767615385
181,11.23026923,6.645230769,10.24069231,4.737115385,6.68244,4.760538462
182,11.25384615,6.619076923,10.23746154,4.715807692,6.67756,4.758730769
183,11.23419231,6.570115385,10.1215,4.718615385,6.6428,4.762346154
184,11.17657692,6.595384615,10.01692308,4.7135,6.52004,4.766923077
185,11.20903846,6.585269231,9.93,4.699653846,6.4815,4.759
186,11.22634615,6.573576923,9.9235,4.699423077,6.381115385,4.761884615
187,11.27442308,6.608384615,9.872692308,4.683423077,6.399461538,4.768961538
188,11.31126923,6.584,9.818269231,4.668269231,6.368115385,4.761692308
189,11.32515385,6.574961538,9.646692308,4.667115385,6.3165,4.753615385
190,11.38934615,6.527,9.712307692,4.668769231,6.262916667,4.748730769
191,11.33915385,6.502846154,9.7445,4.670153846,6.209708333,4.760384615
192,11.34873077,6.433269231,9.767115385,4.660269231,6.190666667,4.752461538
193,11.34988462,6.392961538,9.710961538,4.670692308,6.15016,4.748153846
194,11.321,6.413076923,9.678807692,4.662884615,6.17228,4.746884615
195,11.27919231,6.405538462,9.633692308,4.656653846,6.042,4.744846154
196,11.30480769,6.387961538,9.542346154,4.658038462,5.951818182,4.742961538
197,11.33692308,6.448538462,9.552653846,4.642730769,5.884083333,4.747730769
198,11.35396154,6.448653846,9.569692308,4.631653846,5.819541667,4.745538462
199,11.28526923,6.428807692,9.535153846,4.622730769,5.809086957,4.747038462
200,11.27965385,6.4285,9.425269231,4.621076923,5.801173913,4.743653846
201,11.33392308,6.439192308,9.423346154,4.630115385,5.79992,4.74608
202,11.35926923,6.429384615,9.376615385,4.622653846,5.837208333,4.7495
203,11.36053846,6.375461538,9.388346154,4.626423077,5.81584,4.756692308
204,11.33811538,6.387653846,9.376807692,4.632769231,5.81804,4.7585
205,11.33688462,6.388307692,9.441192308,4.6185,5.85292,4.759884615
206,11.28442308,6.377884615,9.3115,4.632846154,5.8036,4.756115385
207,11.31976923,6.340153846,9.376615385,4.609923077,5.837583333,4.753961538
208,11.36853846,6.349461538,9.366153846,4.609653846,5.864791667,4.751269231
209,11.34830769,6.382384615,9.436884615,4.59048,5.853625,4.752153846
210,11.41957692,6.370923077,9.448153846,4.63796,5.795208333,4.754615385
211,11.38007692,6.390307692,9.428461538,4.63096,5.797333333,4.758230769
212,11.39446154,6.416192308,9.493653846,4.668076923,5.80308,4.744076923
213,11.34596154,6.397346154,9.519615385,4.653576923,5.89552,4.746153846
214,11.29823077,6.4415,9.537846154,4.656730769,5.86972,4.749807692
215,11.34215385,6.446346154,9.457615385,4.63648,5.850958333,4.753576923
216,11.32180769,6.4142,9.408307692,4.62072,5.877333333,4.745846154
217,11.22988462,6.39004,9.348846154,4.6284,5.962,4.744730769
218,11.27469231,6.3992,9.305423077,4.62436,5.994,4.737346154
219,11.20244,6.41256,9.284423077,4.6266,6.006608696,4.742076923
220,11.13864,6.466,9.319923077,4.63448,6.074333333,4.747538462
221,11.12352,6.49364,9.412692308,4.711,6.058454545,4.757576923
222,11.17204,6.521916667,9.439038462,4.740538462,5.970545455,4.754884615
223,11.14892,6.539958333,9.410192308,4.741038462,5.954545455,4.759192308
224,11.13844,6.6898,9.444230769,4.747153846,6.032045455,4.764115385
225,11.25892,6.55384,9.467615385,4.68032,6.166863636,4.762230769
226,11.22844,6.588291667,9.511076923,4.67468,6.2193,4.78648
227,11.1886,6.58124,9.498269231,4.689458333,6.207380952,4.78924
228,11.09756,6.59544,9.496923077,4.69044,6.240238095,4.78556
229,11.12930769,6.5998,9.481,4.70572,6.257380952,4.789
230,11.17496154,6.690833333,9.534346154,4.74528,6.236454545,4.78924
231,11.12765385,6.6748,9.558307692,4.76476,6.321238095,4.79964
232,11.05992308,6.65156,9.552653846,4.791807692,6.27935,4.80064
233,11.06811538,6.68496,9.585115385,4.863923077,6.329772727,4.80896
234,11.02180769,6.70788,9.532269231,4.861115385,6.365181818,4.807538462
235,11.07107692,6.70128,9.561846154,4.892423077,6.324434783,4.814461538
236,11.00473077,6.72192,9.610807692,4.897692308,6.286826087,4.818884615
237,10.9885,6.7305,9.717538462,4.903769231,6.318565217,4.819076923
238,10.92534615,6.730884615,9.854730769,4.884038462,6.445,4.825923077
239,10.97034615,6.777192308,9.927230769,4.908307692,6.477086957,4.835961538
240,10.99357692,6.875538462,9.916653846,4.898269231,6.432217391,4.848076923
241,10.94276923,6.797115385,9.919692308,4.910153846,6.459818182,4.860153846
242,10.93626923,6.83728,9.931307692,4.9405,6.470086957,4.856615385
243,10.92526923,6.932576923,9.937423077,4.982076923,6.496521739,4.858884615
244,10.93615385,6.944384615,9.962269231,4.977115385,6.527130435,4.857192308
245,10.86642308,6.959769231,10.06142308,5.001192308,6.504782609,4.851692308
246,10.77842308,6.990846154,10.14061538,5.027692308,6.555181818,4.853961538
247,10.75423077,6.969230769,10.16338462,5.063115385,6.748666667,4.857115385
248,10.73792308,6.978769231,10.23076,5.240692308,6.78175,4.856846154
249,10.75380769,7.005576923,10.26124,5.132153846,6.930666667,4.863269231
250,10.73319231,7.036307692,10.22368,5.144269231,6.90668,4.873961538
251,10.77942308,7.070846154,10.36784615,5.2504,6.9164,4.873653846
252,10.66542308,7.10396,10.45453846,5.24572,6.972541667,4.882653846
253,10.72046154,7.05696,10.27876923,5.27504,7.012521739,4.887884615
254,10.71561538,6.951166667,10.211,5.3186,7.136708333,4.911076923
255,10.75680769,6.92192,10.24169231,5.33096,7.230083333,4.933576923
256,10.74184615,6.993076923,10.31926923,5.41392,7.3072,4.941692308
257,10.71107692,7.118115385,10.40824,5.36536,7.3946,4.961615385
258,10.732,7.03848,10.32976,5.31128,7.492375,4.98812
259,10.74473077,6.935307692,10.23211538,5.301125,7.60264,5.01384
260,10.73461538,6.89948,10.177,5.418583333,7.65092,5.007038462
261,10.65465385,6.85156,10.12588462,5.42064,7.6682,5.024346154
262,10.62157692,6.85604,10.19226923,5.41392,7.72276,5.037923077
263,10.65803846,6.869807692,10.21338462,5.3814,7.77908,5.053115385
264,10.64346154,6.892807692,10.23292308,5.308,7.85312,5.066125
265,10.64630769,6.924576923,10.25380769,5.31348,7.92636,5.078565217
266,10.61626923,6.914923077,10.29944,5.275653846,7.95092,5.060791667
267,10.59138462,6.911538462,10.3004,5.2688,8.00636,5.05876
268,10.56326923,6.8625,10.27652,5.22832,8.05692,5.07488
269,10.60915385,6.898192308,9.9944,5.14688,8.09256,5.08996
270,10.55156,6.883,9.99436,5.058,8.16308,5.09368
271,10.47012,6.88348,9.94432,5.09444,8.19556,5.0526
272,10.51816,6.88372,9.5826,4.95232,8.299115385,4.97752
273,10.51528,6.775083333,9.66984,4.9278,8.332846154,4.9735
274,10.49928,6.792208333,9.364269231,4.888230769,8.381423077,4.984384615
275,10.47076,6.875956522,9.328884615,4.822,8.521,4.970423077
276,10.46291667,7.037791667,9.389846154,4.726461538,8.54936,4.967615385
277,10.43029167,7.101826087,9.30273913,4.667307692,8.69152,4.957038462
278,10.37295833,7.1076,9.242086957,4.590653846,8.79952,4.918730769
279,10.371,7.248166667,9.23426087,4.561269231,8.89208,4.922692308
280,10.33870833,7.289695652,9.145363636,4.512615385,8.906846154,4.927730769
281,10.32492,7.236173913,9.148333333,4.371653846,8.929884615,4.8998
282,10.23332,7.156173913,8.518157895,4.21956,8.98488,4.8458
283,10.213,7.240391304,8.497736842,4.17532,8.961041667,4.79788
284,10.19184,7.415333333,8.332578947,4.0764,9.008791667,4.75724
285,10.12952,7.236869565,8.330578947,3.98224,9.045958333,4.742375
286,10.092625,7.258782609,8.198368421,3.959083333,9.004208333,4.64375
287,10.13833333,7.161869565,8.123055556,3.845083333,9.124347826,4.5702
288,10.09344,7.037043478,7.761777778,3.701833333,8.77225,4.50336
289,10.045,6.979,7.4115625,3.622541667,8.61988,4.48144
290,10.00132,6.944681818,7.477333333,3.585565217,8.62104,4.431913043
291,9.930625,7.062578947,7.696,3.598045455,8.227038462,4.433217391
292,9.938916667,7.175117647,7.5435,3.62052381,8.215307692,4.398571429
293,9.850083333,6.985647059,6.861,3.662619048,8.164,4.415857143
294,9.749208333,6.886875,6.8418,3.442277778,7.987576923,4.409333333
295,9.641954545,6.7261875,6.335,3.498357143,7.878576923,4.45475
296,9.697142857,6.88975,,3.437384615,7.735846154,4.43355
297,9.63447619,6.319733333,,3.479538462,7.598961538,4.402166667
298,9.637055556,6.476384615,,3.477181818,7.476461538,4.359117647
299,9.767352941,6.367461538,,3.4946,7.24424,4.346470588
300,9.59575,6.249846154,,,6.936230769,4.3735
301,9.6129375,6.124090909,,,6.8105,4.428916667
302,9.562923077,5.9105,,,6.571916667,4.400111111
303,9.56825,5.45525,,,6.112208333,4.380833333
304,9.541555556,5.94775,,,5.942461538,4.2065
305,9.706125,4.5565,,,5.78924,4.259
306,9.62925,,,,5.695791667,
307,9.500333333,,,,5.501043478,
308,,,,,5.250695652,
309,,,,,5.089521739,
310,,,,,5.075173913,
311,,,,,5.049565217,
312,,,,,4.962318182,
313,,,,,5.1247,
314,,,,,5.1722,
315,,,,,4.901444444,
316,,,,,5.127666667,
317,,,,,4.463833333,
318,,,,,4.659444444,
319,,,,,4.799571429,
320,,,,,4.595333333,
321,,,,,,
322,,,,,,
323,,,,,,
324,,,,,,
325,,,,,,
326,,,,,,
327,,,,,,
328,,,,,,
329,,,,,,
330,,,,,,
331,,,,,,
332,,,,,,
333,,,,,,
334,,,,,,
335,,,,,,
336,,,,,,
337,,,,,,
338,,,,,,
339,,,,,,
340,,,,,,
341,,,,,,
342,,,,,,
343,,,,,,
344,,,,,,
345,,,,,,
346,,,,,,
347,,,,,,
348,,,,,,
349,,,,,,
350,,,,,,
351,,,,,,
352,,,,,,
353,,,,,,
354,,,,,,
355,,,,,,
356,,,,,,
357,,,,,,
358,,,,,,
359,,,,,,
360,,,,,,
361,,,,,,
362,,,,,,
363,,,,,,
364,,,,,,
365,,,,,,
366,,,,,,
