river,year,DOC_centroid,DOC-channel-mean_centroid,glofas-discharge-channel-mean_centroid,observed-discharge_centroid,snowmelt_centroid,SoilW-0-28cm-cm_centroid,SoilW-28-100cm-cm_centroid
Kolyma,2000,127.9920814,127.9556795,157.8785653,158.6236468,140.7071323,121.8467546,122.9837849
Kolyma,2001,127.7420932,126.939646,156.8097478,155.2057409,136.6002214,121.8721781,122.7277863
Kolyma,2002,126.4580621,126.6030048,157.8783407,158.9685836,143.9897738,122.4505295,123.5315988
Kolyma,2003,127.9044228,127.5727652,162.9017052,160.6579351,148.6005755,122.9765168,122.8923821
Kolyma,2004,126.7464141,127.644675,163.4629155,161.3893491,149.1583819,125.0994826,124.224649
Kolyma,2005,126.6306956,127.0717422,151.2227879,154.2146397,133.2731025,120.9475925,121.5156288
Kolyma,2006,126.4564342,127.1199809,158.6598382,157.9509735,145.1333294,121.2828764,122.0943322
Kolyma,2007,127.0121486,126.8328374,156.8179546,154.6866791,140.1206734,121.3818718,123.2746106
Kolyma,2008,128.1221597,128.1014219,154.9788234,156.4000546,141.5138108,122.5048351,123.703858
Kolyma,2009,127.2024169,127.4227501,156.1198118,157.3015041,142.1963903,120.7987291,122.1150243
Kolyma,2010,125.1027276,125.8121926,151.5124589,153.3519903,133.5842999,121.3856957,122.021586
Kolyma,2011,126.209765,125.9459833,160.7038066,164.352313,149.2026657,122.0357321,122.7297535
Kolyma,2012,127.3111072,127.663268,149.4939827,153.6247082,137.8015358,121.3907699,122.9899316
Kolyma,2013,126.9959506,127.040789,149.8502259,156.9977649,135.8771903,121.6797464,123.0864926
Kolyma,2014,127.9592778,126.2192041,156.8659279,163.7099216,148.4405206,122.2559733,122.8447382
Kolyma,2015,125.9729824,126.6222905,162.5130466,162.0857205,150.6807005,122.5816236,123.053402
Kolyma,2016,128.4419405,128.2074664,152.8446243,153.8346644,135.8093322,121.035892,122.9446899
Kolyma,2017,128.2174504,126.9357651,159.3903149,160.6874721,142.4704512,123.1085909,123.907344
Kolyma,2018,124.4510846,124.7878671,160.1582003,161.276432,146.2684325,122.8164911,124.1867507
Kolyma,2019,126.556041,126.6454381,147.9002812,154.6473786,134.0775041,121.4209321,123.1823792
Kolyma,2020,128.7601597,128.5110074,154.6423934,159.6315929,140.731757,122.508578,124.3810596
Kolyma,2021,126.8291799,126.6967523,151.2980037,156.7326231,139.2968775,121.5151376,123.0591808
Kolyma,2022,127.0197288,127.0207287,154.1728245,155.1983644,138.7757256,121.4507334,122.8710053
Kolyma,2023,127.7867981,127.1332601,153.1265902,156.8376863,141.0927646,121.0045495,122.8687191
Kolyma,2024,128.40319,127.0762195,151.6602129,153.180737,136.6126759,120.9963648,123.472099
Kolyma,2025,126.9310622,126.278924,150.7270599,157.3017928,138.4079499,121.6421294,122.9999389
Lena,2000,127.7060894,126.4625447,152.5876316,155.1313228,136.6241524,122.8953756,123.7956518
Lena,2001,126.4910436,125.2793744,152.7008849,156.2595716,137.7381199,120.5577679,122.233108
Lena,2002,126.5635723,125.744356,152.297429,156.8973282,137.517025,121.5926677,122.6388646
Lena,2003,126.0874286,124.4493145,157.2544036,159.312474,145.4570653,121.6461035,122.3232005
Lena,2004,126.6202821,125.6159831,159.7785501,162.7365578,147.1608257,123.1229797,123.6975633
Lena,2005,127.8463473,125.6240203,151.973463,153.1324968,134.4114381,121.9062284,122.5162968
Lena,2006,129.2123113,125.681156,156.226457,158.3988331,141.6301394,122.012085,122.6287198
Lena,2007,127.5712088,125.7562046,152.9039967,155.0658385,136.4454643,122.462824,122.9624287
Lena,2008,128.5709116,126.191966,154.5852183,156.4805641,139.631439,122.9468279,123.752409
Lena,2009,127.5238604,125.1625879,151.3755268,156.9302246,135.7824694,121.6163366,122.3229135
Lena,2010,129.6597893,125.2885521,151.6237045,154.9334489,132.9067872,121.6765578,122.2317538
Lena,2011,127.8002468,125.0687124,148.7114092,154.5630104,131.0686411,121.2190253,122.2940495
Lena,2012,129.8913498,126.7191532,152.0462001,153.8954254,135.1529396,122.8387951,123.6766269
Lena,2013,129.575372,125.8402686,150.2742997,153.452461,130.4249449,121.4708999,122.4144779
Lena,2014,127.1847451,125.3408972,145.9022021,152.1418293,130.4210579,121.6358738,122.5767782
Lena,2015,125.5935433,125.3208898,154.7541671,155.7691517,138.7085877,122.4707545,122.9393166
Lena,2016,129.7032797,126.9064559,156.7584015,158.0366247,141.0637869,123.1925805,123.8014198
Lena,2017,127.4352094,125.5839068,154.5998988,158.487654,139.716452,122.0736418,122.7249515
Lena,2018,129.0266311,125.8109446,152.1186684,155.4273715,135.4636867,121.4737931,122.4468284
Lena,2019,128.9050486,125.6518505,153.0430494,155.7993352,138.969396,121.791206,122.585526
Lena,2020,130.731077,127.1225426,150.5733199,156.5902295,135.5813908,122.9277788,123.7530213
Lena,2021,130.3264797,126.1551786,153.2667204,153.5810351,136.2993858,122.3714714,123.0928717
Lena,2022,129.2846923,126.074575,154.2363935,154.6284553,139.6387013,122.3261023,122.8979337
Lena,2023,127.6142854,125.6892864,153.7319091,158.2252152,143.2399279,122.1870064,122.7582051
Lena,2024,131.3125448,126.8827788,150.2995801,155.4674001,138.7129829,122.531004,123.5521914
Lena,2025,125.0237179,124.7799551,152.3084033,154.3169963,137.1868623,122.2310313,122.949993
Mackenzie,2000,124.6727372,123.8693312,138.3644918,142.9314128,133.994631,121.9822866,123.9593387
Mackenzie,2001,123.8421683,122.9401489,141.1980818,144.0823867,138.6572259,121.1956211,122.9254458
Mackenzie,2002,123.6652184,123.5701869,140.8023031,143.2185181,138.8236291,121.3450265,122.8153861
Mackenzie,2003,123.3818186,123.0292806,138.3090888,143.4682789,126.9114253,120.457984,122.8901965
Mackenzie,2004,124.5556861,124.0878839,137.19183,142.8281597,132.9644945,120.8626662,123.7845229
Mackenzie,2005,123.6597981,122.7883052,137.3548926,142.9167471,125.0889748,121.7427192,122.7546052
Mackenzie,2006,123.7337852,122.8787381,139.4998904,142.3392348,128.8817877,121.3413998,122.8162912
Mackenzie,2007,123.4164776,122.8761125,139.0387895,143.0377654,128.9749295,121.2912242,123.1193348
Mackenzie,2008,124.486331,124.0817816,140.8086731,143.8782287,130.4923013,122.7557857,123.8485439
Mackenzie,2009,123.5335332,123.36196,139.3529988,144.8455096,132.3476641,122.0772283,122.9989215
Mackenzie,2010,123.408175,122.3683995,132.441767,135.8292929,119.2439396,119.7675042,121.9999368
Mackenzie,2011,123.5945995,122.9778078,141.3341925,143.2803106,133.6587937,121.0634584,122.7940917
Mackenzie,2012,124.4006121,123.9310877,143.1150652,146.3327301,134.8370236,122.4247232,124.04263
Mackenzie,2013,123.5133666,123.2738492,141.4853344,144.779536,134.0936008,122.4466581,123.4187898
Mackenzie,2014,123.269364,123.0984688,138.7594716,141.5935113,129.4179038,121.3359405,122.9217982
Mackenzie,2015,123.329003,122.7154818,136.1965158,139.7831404,122.926944,119.4833783,121.925032
Mackenzie,2016,124.5264965,123.9191326,140.5261078,142.2668916,123.2004657,122.8409416,123.8628373
Mackenzie,2017,123.5308465,122.7767462,139.637733,141.9864386,128.5733967,120.7485731,122.4876734
Mackenzie,2018,123.6543032,123.0392664,140.2767306,140.6238118,128.1238246,122.2304781,123.0118718
Mackenzie,2019,122.7142383,122.2511469,133.1871112,137.5729122,120.147566,120.5346264,122.3436869
Mackenzie,2020,124.178949,124.3272558,142.2495338,147.5246498,135.6826954,123.4185202,124.1960476
Mackenzie,2021,123.3682469,123.185229,138.8164805,140.1908358,132.1660142,121.56763,122.8011796
Mackenzie,2022,123.7691659,123.0542509,141.6836785,144.8325556,134.2330126,121.7017677,123.0470123
Mackenzie,2023,123.4571827,122.8338772,137.5126738,139.2808237,123.1241441,121.498015,122.8742932
Mackenzie,2024,124.5599555,123.7176884,137.9026047,139.5258454,128.1143149,122.4856255,123.9874455
Mackenzie,2025,123.1774722,122.7650648,136.2993664,144.246283,128.5076731,121.0052893,122.7437507
Ob,2000,126.3114612,124.2698758,142.8661622,145.9265413,111.1533624,121.6913162,123.2044299
Ob,2001,125.6181898,123.1314618,142.204798,148.9841002,110.9457994,120.1130594,121.8446624
Ob,2002,125.3101429,123.1767468,143.7553256,145.3834909,116.4265234,120.0316718,121.4981373
Ob,2003,125.9186797,123.4641474,143.6796621,146.7484899,116.3690128,120.4877207,121.8791959
Ob,2004,125.991299,124.0939195,144.3156663,149.9970415,122.1699179,120.3647672,123.2729019
Ob,2005,126.3580822,122.9682037,140.7487544,145.9169728,113.3958347,119.511931,121.2735498
Ob,2006,125.495774,122.9148333,146.4341738,148.108641,120.6432084,119.754151,121.9845906
Ob,2007,124.9598862,123.645746,142.2332842,145.1859799,109.5685254,120.5231959,121.9249466
Ob,2008,126.3008949,124.065258,140.5076797,148.3492912,113.5175334,120.4814204,122.7050064
Ob,2009,125.2186685,122.7261678,139.3375027,146.7027757,111.2974682,119.6396075,121.4235382
Ob,2010,124.6608693,122.9847135,144.2415974,145.3503982,116.5555803,119.6761076,121.9551025
Ob,2011,125.9139678,122.9914469,135.9351675,142.3562243,106.8766127,119.613282,121.483846
Ob,2012,126.7120623,123.5189318,134.8131958,141.5341158,105.9919258,119.5618116,122.0067484
Ob,2013,126.3900899,123.1595161,143.0461215,145.6928169,112.2691136,120.3341231,122.7073146
Ob,2014,126.5371604,123.326591,138.0039534,144.7390858,111.311619,118.8540723,120.736498
Ob,2015,125.6200281,123.8792516,142.8525036,143.3852522,112.5540972,119.9580112,121.5675055
Ob,2016,127.7584666,124.4743595,139.9461059,142.4731931,108.2877554,119.2870874,121.5494536
Ob,2017,124.9387781,123.2698023,142.7292869,144.7419206,114.1336159,120.4003813,122.3981607
Ob,2018,125.6526605,123.1967569,145.6376189,146.7860355,123.227545,120.9349915,122.699687
Ob,2019,125.7937744,122.970172,140.5368407,144.7135312,112.0093004,119.7672382,121.4905433
Ob,2020,126.6315037,124.6056872,137.2699226,144.1938648,104.5239247,119.152967,121.5068186
Ob,2021,125.4269135,123.1240404,140.8771592,142.4027971,110.3540517,118.4496951,121.0679922
Ob,2022,126.7596818,123.2288513,139.3456934,146.7538209,111.8787496,119.3361954,121.5010176
Ob,2023,125.0437127,122.4190314,140.1731989,144.456709,112.5081721,117.584336,121.1923048
Ob,2024,126.8900832,124.4594925,143.7429352,148.8391787,116.3066096,121.1906308,122.6040383
Ob,2025,125.4914723,123.4550244,137.0573399,146.0808996,108.022164,118.9050016,120.7103556
Yenisey,2000,134.5259819,130.056478,143.9022759,146.5759047,135.5963721,122.5791691,123.820236
Yenisey,2001,132.6071447,128.9200723,146.1133698,148.587937,136.1156218,121.9441329,122.842882
Yenisey,2002,134.0266276,128.5160189,145.1818285,145.5858982,138.3164051,121.4754695,122.615574
Yenisey,2003,134.0176768,128.8345534,145.5788247,147.9670108,138.4829377,121.4718456,122.7586507
Yenisey,2004,134.1973955,130.1685869,149.688425,151.9984181,142.1792302,123.1257619,123.9486373
Yenisey,2005,133.6613108,129.1851508,142.31751,141.453021,135.5211658,121.8440697,122.7230753
Yenisey,2006,132.4679034,129.2970414,146.9127098,149.6303189,143.0622521,121.9308486,122.7140178
Yenisey,2007,132.9137456,128.76554,141.5241508,144.3477965,134.1849139,122.4472805,122.962012
Yenisey,2008,134.5324254,129.907316,145.8770633,147.7083302,139.7413376,123.1533424,123.729426
Yenisey,2009,133.0409143,128.979319,141.4221706,146.7255813,136.4413572,121.9638473,122.5342669
Yenisey,2010,133.5895925,129.8877219,141.8376973,146.5718944,136.9385606,122.1962524,122.8436815
Yenisey,2011,132.3565301,128.2433349,132.3164932,137.9024789,123.9695541,120.287129,121.9979229
Yenisey,2012,132.3122544,129.6912017,140.4717126,145.7053357,134.2294495,122.1100245,123.5818609
Yenisey,2013,133.3782837,128.6421768,138.9341123,145.8763925,128.7327532,121.8359673,123.0538354
Yenisey,2014,134.2879771,127.8915711,139.3100468,147.9455314,136.1604363,121.3837354,122.4177255
Yenisey,2015,132.0899237,128.8466466,144.5394019,145.7909023,132.9328729,121.2476399,122.5446884
Yenisey,2016,132.8356251,129.0466914,149.4901203,145.9396392,138.4602222,122.0721547,123.7146243
Yenisey,2017,132.1407396,128.1620572,146.4462175,148.3965797,135.8578556,121.6115599,123.0661468
Yenisey,2018,132.807425,128.6343429,148.2305696,149.639704,139.6724962,120.9915312,122.580919
Yenisey,2019,132.7210033,127.5569991,145.6560164,148.2002961,141.3013714,121.6805976,122.7346675
Yenisey,2020,134.0937096,128.4342853,136.0311011,137.4741182,125.1750207,122.268391,123.1943771
Yenisey,2021,133.5923806,129.1377138,143.2518691,143.2993974,136.4292788,122.4917285,123.1292035
Yenisey,2022,132.1666174,128.4821062,137.3813497,140.6324607,130.2129324,121.2198398,122.5057599
Yenisey,2023,134.1083057,129.2705409,144.0166073,144.6618649,138.2793339,121.660572,122.5775931
Yenisey,2024,134.439542,129.207632,144.5823296,146.3306013,138.7642448,122.3002235,123.5317594
Yenisey,2025,133.9875001,128.3075158,143.0240369,144.0621825,134.9514502,121.4838876,122.3200014
Yukon,2000,134.5864188,135.6180673,156.0615694,149.0567765,142.6864679,123.7672441,125.0892912
Yukon,2001,133.9820999,133.8554056,155.5832951,153.9969363,145.6115093,122.3521889,123.9413924
Yukon,2002,135.0346677,134.545426,149.8008611,148.4813856,136.396979,121.5517231,123.4049417
Yukon,2003,131.1758914,133.276451,147.8777083,147.4762136,131.0164332,120.8570416,122.874685
Yukon,2004,131.9358229,133.9239336,149.3312436,149.4915986,131.3223323,121.7054291,124.2252818
Yukon,2005,134.8622769,134.0489417,147.5017802,145.5389904,127.8825704,122.965365,123.9007804
Yukon,2006,135.4704429,135.2523047,150.4404095,148.8079088,138.0512853,121.9342544,123.5094088
Yukon,2007,131.8492843,132.4672851,147.0676118,145.3702749,129.3997494,119.894403,122.3416621
Yukon,2008,135.9384925,135.3495581,150.0363037,149.8443641,133.8738699,123.0551357,124.3295199
Yukon,2009,133.791326,134.2015662,147.4953519,149.2900782,132.3268931,121.960741,123.5007115
Yukon,2010,132.8924514,132.9580194,144.5612207,144.3907146,128.0166518,120.7030824,122.7833559
Yukon,2011,132.8063359,134.5114539,151.2620372,148.3452462,135.4988163,122.4626023,123.5801591
Yukon,2012,136.2471479,135.4984773,150.6322555,150.8514851,134.3235932,122.8845438,124.6604748
Yukon,2013,135.1388073,135.0108811,153.4739123,153.5273247,143.299626,120.8603905,123.1644852
Yukon,2014,133.5573052,133.6244361,146.5410629,146.0427413,129.1943228,121.7206064,123.2497746
Yukon,2015,132.3564507,133.0945939,148.0145269,145.7340413,129.3773186,120.2389123,122.7665774
Yukon,2016,132.000949,133.4773732,146.6293457,144.9631173,124.3187565,122.0767543,123.805561
Yukon,2017,132.7581515,133.6848539,149.8533532,146.1865179,128.4094975,120.4519386,123.2370096
Yukon,2018,133.8691686,134.323794,152.1394463,149.0607496,134.6017719,122.4486773,123.6773961
Yukon,2019,134.5223711,132.6548175,142.1540735,146.3978522,126.9422489,120.253612,122.7223438
Yukon,2020,134.2060121,135.1595518,147.2428746,148.1972241,130.2541249,123.2810165,124.2527781
Yukon,2021,131.9633316,133.8796215,147.7649455,147.0321128,132.104176,121.6091078,123.4348201
Yukon,2022,133.3881375,134.2551825,150.068774,150.9338284,136.6616666,121.5092656,123.3951795
Yukon,2023,136.96819,135.3508113,149.8751972,149.9719964,135.5199366,122.6325662,123.7643852
Yukon,2024,137.1085416,135.3678975,148.3599007,148.6915579,132.8248062,122.6995251,124.5246605
Yukon,2025,135.7442334,134.3152239,148.4615812,147.7503878,135.6802314,121.9583775,123.6052714
